"Chiamare subito l'idraulico, sta allagando il bagno",urgente
"Pagare la bolletta della luce entro oggi o mi staccano la corrente",urgente
"Rispondere urgentemente all'email del capo prima delle 18",urgente
"Portare il gatto dal veterinario, non mangia da due giorni",urgente
"Scadenza fattura fornitore oggi, devo bonificare subito",urgente
"Il frigorifero ha smesso di funzionare, tutto il cibo si sta rovinando",urgente
"Consegnare la relazione entro mezzogiorno, non posso rimandare",urgente
"Prenotare urgentemente una visita dal dentista, dolore fortissimo",urgente
"Mia figlia ha la febbre alta, chiamare il pediatra subito",urgente
"Rinnovare l'assicurazione auto scaduta ieri",urgente
"La caldaia perde acqua, chiamare il tecnico immediatamente",urgente
"Devo firmare e rispedire il contratto entro oggi pomeriggio",urgente
"Chiamare la banca, carta di credito bloccata per un pagamento sospetto",urgente
"Recuperare i documenti in stampa entro le 9 per la riunione",urgente
"Spegnere il fornello, sto uscendo di casa in questo momento",urgente
"Rispondere al cliente arrabbiato prima che chiuda l'ufficio",urgente
"Portare mio padre in pronto soccorso, dolore al petto",urgente
"Pagare il bollo auto oggi, ultimo giorno utile",urgente
"Il tubo dell'acqua è scoppiato in cucina, serve un idraulico ora",urgente
"Inviare i documenti al commercialista entro le 12 di oggi",urgente
"Chiamare subito la scuola, mio figlio si è fatto male",urgente
"Blocco della carta bancomat, contattare la banca immediatamente",urgente
"Devo ritirare la medicina in farmacia prima che chiuda",urgente
"Presentazione da finire entro un'ora, sono in forte ritardo",urgente
"Perso il volo delle 10, chiamare subito la compagnia aerea",urgente
"La macchina non parte e devo essere in ufficio tra 20 minuti",urgente
"Rispondere al giudice, scadenza del ricorso è oggi",urgente
"Mio marito è caduto dalle scale, chiamare il 118",urgente
"Serve firmare urgentemente i moduli prima della chiusura degli uffici",urgente
"Il gas continua a fuoriuscire, chiamare subito il numero verde",urgente
"Devo pagare l'affitto entro oggi o rischio la mora",urgente
"Il computer si è bloccato prima di salvare la presentazione, urgentissimo",urgente
"Portare il cane dal veterinario, ha ingerito qualcosa di strano",urgente
"Confermare entro un'ora la disponibilità per il colloquio di lavoro",urgente
"Corrente saltata in tutta casa, chiamare l'elettricista subito",urgente
"Ritirare il referto medico prima delle 13, poi chiude l'ambulatorio",urgente
"Devo rispedire il pacco reso entro oggi, ultimo giorno",urgente
"Chiamare l'assicurazione, ho appena avuto un piccolo incidente in auto",urgente
"Serve stampare il biglietto del treno, parte tra 40 minuti",urgente
"Rispondere subito al messaggio del proprietario di casa",urgente
"Ho dimenticato le chiavi dentro casa, chiamare un fabbro ora",urgente
"Consegnare il progetto entro le 17, il cliente aspetta",urgente
"Chiamare il commercialista, la dichiarazione scade oggi a mezzanotte",urgente
"Mia madre si sente male, devo andare da lei subito",urgente
"La lavatrice sta allagando il bagno, chiudere l'acqua ora",urgente
"Rinnovare urgentemente il passaporto, parto tra due giorni",urgente
"Devo prenotare il taxi tra dieci minuti o perdo l'aereo",urgente
"Rispondere al recruiter entro oggi per confermare il colloquio",urgente
"Chiudere il rubinetto principale, perdita d'acqua importante in cantina",urgente
"Portare urgentemente i documenti in tribunale prima delle 12",urgente
"Il router è rotto e devo fare una call tra 15 minuti",urgente
"Mi hanno chiamato dall'ospedale, devo andare subito",urgente
"Pagare la multa entro oggi per evitare il raddoppio",urgente
"Serve sostituire il fusibile, siamo rimasti senza luce",urgente
"Confermare urgentemente la prenotazione del volo o la perdo",urgente
"Chiamare il farmacista di turno, serve l'insulina stasera",urgente
"Devo inviare il bonifico prima delle 16 per lo stipendio",urgente
"La caldaia fa uno strano rumore, rischio di dover chiamare subito qualcuno",urgente
"Rispondere al notaio, l'atto va firmato entro oggi",urgente
"Ho perso il cellulare con tutti i documenti, bloccare la SIM ora",urgente
"Portare il bambino al pronto soccorso, si è tagliato con il vetro",urgente
"Scade oggi il termine per iscrivere i figli a scuola",urgente
"Il vicino segnala una perdita di gas, uscire di casa subito",urgente
"Devo ritirare i referti delle analisi prima di mezzogiorno",urgente
"Rispondere entro un'ora alla proposta di lavoro, altrimenti decade",urgente
"Chiamare l'assistenza tecnica, il sito aziendale è down in questo momento",urgente
"Serve portare urgentemente il gatto in clinica, respira a fatica",urgente
"Pagare subito la retta scolastica, oggi è l'ultimo giorno utile",urgente
"Chiudere il gas prima di uscire, sento odore strano",urgente
"Devo consegnare le chiavi al nuovo inquilino entro oggi pomeriggio",urgente
"Rispondere all'avvocato, l'udienza è stata anticipata a domani mattina",urgente
"Il portone di casa si è bloccato, chiamare un fabbro urgentemente",urgente
"Chiamare il capo cantiere, c'è un problema serio in cantiere adesso",urgente
"Devo prendere l'antibiotico entro un'ora, altrimenti salto la dose",urgente
"Rispondere al cliente prima che scada l'offerta, mancano due ore",urgente
"Portare urgentemente i documenti alla posta prima della chiusura",urgente
"Mio figlio ha perso l'autobus, devo andarlo a prendere subito",urgente
"Il forno ha iniziato a fare fumo, spegnere tutto immediatamente",urgente
"Confermare entro stasera la presenza al matrimonio di domani",urgente
"Chiamare subito il numero di emergenza, sento puzza di bruciato",urgente
"Devo rinnovare la ricetta medica prima che chiuda l'ambulatorio",urgente
"Rispondere al messaggio della banca sul pagamento sospeso",urgente
"La macchina ha una gomma a terra e devo partire tra poco",urgente
"Serve pagare l'anticipo entro oggi per confermare la prenotazione",urgente
"Chiamare l'ufficio passaporti, l'appuntamento è tra un'ora",urgente
"Devo scrivere e inviare la lettera di dimissioni entro oggi",urgente
"Rispondere all'agenzia immobiliare prima che l'appartamento venga preso da altri",urgente
"C'è una perdita dal tetto, chiamare subito qualcuno prima che peggiori",urgente
"Portare urgentemente il cane a fare la puntura antidolorifica",urgente
"Devo confermare il pagamento della caparra entro le 14",urgente
"Chiamare il meccanico, i freni fanno un rumore preoccupante",urgente
"Rispondere subito al preside, riunione urgente dei genitori",urgente
"La stampante si è rotta e la scadenza è tra un'ora",urgente
"Devo ritirare il pacco urgente prima che il corriere se ne vada",urgente
"Chiamare l'elettricista, scintille dalla presa in cucina",urgente
"Serve confermare oggi stesso la disdetta dell'abbonamento",urgente
"Rispondere all'ospedale per confermare l'intervento di domattina",urgente
"Devo pagare il ticket sanitario prima che chiuda lo sportello",urgente
"Chiamare subito il fabbro, la porta blindata non si apre",urgente
"Consegnare il curriculum aggiornato entro questa sera, colloquio domani",urgente
